[
    {
        "time": "UtCTEi7OBIm6XMP7I2Ij5fO0SuycIPKA9n8XfwqJee0=",
        "status": "success",
        "coutry": "xYR0ZLc47Hlk0VqOCUlJBA==",
        "region": "FnMAYrpA7T0C2b2syU1+Sg==",
        "city": "\/bTQrT9Aw2UyixgCmF7i4A==",
        "zip": "UwiGmcp3WC3Q3xLd5WIUDQ==",
        "lat": "+Acxhbob7VF4rey3JNMEiQ==",
        "lon": "sYye9rLm9ecZYd8s0oJD2Q==",
        "timezone": "BItZrF6FwileyQtjyliZZg==",
        "isp": "Uc3EfzCI4azroPCgaqdG3A==",
        "IP": "rD9fNYkBjNCpQSacMEbVSQ==",
        "browser": "Mw7ehTDSRVCwsn1\/1R4SJw==",
        "OS": "ohbfbsNSWqhYaP4QjHYqkg=="
    }
]