[
    {
        "username": " ",
        "name": " ",
        "cognome": " ",
        "avatar": " ",
        "link": " ",
        "email": " ",
        "codice": " ",
        "password": " ",
        "domanda": " ",
        "risposta": " ",
        "orario": " "
    },
    {
        "username": "simone_barbaresco",
        "name": "7sNLf7jU+VWNyfzytOTCbA==",
        "cognome": "0pZN7oyI\/6JqQ+UF3srETw==",
        "avatar": "avatar5",
        "link": "",
        "email": "RfQTrOni9IcZYjmJrVe8LCLMWZvIFBjjSAinYeijkmk=",
        "codice": "fa585d89c851dd338a70dcf535aa2a92fee7836dd6aff1226583e88e0996293f16bc009c652826e0fc5c706695a03cddce372f139eff4d13959da6f1f5d3eabe",
        "password": "2e0fd4c039871d6067c4647657c40ad21c6cb6cd93e9eeaebe2eea87ab06189fd2bef45728162d50e5c38a72a0437a2fb8cde9937bfc255d9382abc6457716fd",
        "domanda": "45bc4009d708f1f44045aa4b66bc36206b42108c4fbd761582e2f0c9865fe04080adee16d8f4f64f3ac935a9ab4a104cf85d9bd957d8a5d217d2f148c01242ca",
        "risposta": "f10d338beeadb74b7d0f42fd0bd89853912ff28d4e7014f5cc7ca254f4ff8701e27934b4869e668682b9b3481143c222d61d2573723cb21cfbf9e7a488f692a1",
        "orario": "simone_barbaresco.json"
    }
]