[
    {
        "time": "+YKL\/xvCfkq6\/dw7pDJDh05jpOur+AUtbOaEgC7vehs=",
        "status": "success",
        "coutry": "S\/o9Pm2oPX+ULRE0lV7Flw==",
        "region": "dammqJ0ckYspeVzB8uo0qw==",
        "city": "GFFipA\/\/d5iuHjhzOwZIQg==",
        "zip": "f4z04WSflye5Psx\/jeoZBQ==",
        "lat": "b1hXZGTVessG7ZT391gP1w==",
        "lon": "bFswtpFCDVRhGWjb\/Bz\/1Q==",
        "timezone": "0pb6HbxDh45ujJi6pFj3QA==",
        "isp": "xPnfmw0sCS1iJlgiFyyrzZPcgcybnforzPR8IpFQKLI=",
        "IP": "z441UJ\/gZERnRoB2Sl41Ag==",
        "browser": "VG7CTJevbEbZrLbRKcVAxw==",
        "OS": "SVyiP6k8zvBH9jxZslswcA=="
    },
    {
        "time": "8M13o+bY7Vs6DTdo8DPBuaMgfK9odTUl59z0Y3Si6C4=",
        "status": "success",
        "coutry": "S\/o9Pm2oPX+ULRE0lV7Flw==",
        "region": "GVaW6kqxgWNZpllVAXzI1w==",
        "city": "3TIKkE7idRYGeD0q12YzyA==",
        "zip": "f6EzfTR5qcAAG9ZwY2fx3Q==",
        "lat": "WtHNCmqvaDuGGx6PskhyrA==",
        "lon": "doWVg+VAmMDPECwJ7Z7eJg==",
        "timezone": "0pb6HbxDh45ujJi6pFj3QA==",
        "isp": "HWjKJ+S1wu3\/hWiYxB362k61\/SkVgOVThLrDLTz8Bns=",
        "IP": "z441UJ\/gZERnRoB2Sl41Ag==",
        "browser": "Cat6H7DP85RdqWt\/O4+7dQ==",
        "OS": "SVyiP6k8zvBH9jxZslswcA=="
    },
    {
        "time": "OvCL\/F6qAAgEKF4vcSL6+K4hoOgvbYaKCHMwZDH0mqs=",
        "status": "success",
        "coutry": "S\/o9Pm2oPX+ULRE0lV7Flw==",
        "region": "dammqJ0ckYspeVzB8uo0qw==",
        "city": "gEsnK4wodCyMux6g\/aJLvw==",
        "zip": "hsdk2K3O5l++l0zi9RJtPA==",
        "lat": "IsssYCTmbLL1Wb+UkcEY7A==",
        "lon": "gOAIPC1wCooJsgGqefKgZQ==",
        "timezone": "0pb6HbxDh45ujJi6pFj3QA==",
        "isp": "a\/mtytLXfh4apm9NAWtU1g==",
        "IP": "z441UJ\/gZERnRoB2Sl41Ag==",
        "browser": "VG7CTJevbEbZrLbRKcVAxw==",
        "OS": "SVyiP6k8zvBH9jxZslswcA=="
    },
    {
        "time": "qsqN1x3sqtDr37QNwm8yryxY084vi\/xeWzxL31tliHI=",
        "status": "success",
        "coutry": "S\/o9Pm2oPX+ULRE0lV7Flw==",
        "region": "GVaW6kqxgWNZpllVAXzI1w==",
        "city": "3TIKkE7idRYGeD0q12YzyA==",
        "zip": "f6EzfTR5qcAAG9ZwY2fx3Q==",
        "lat": "WtHNCmqvaDuGGx6PskhyrA==",
        "lon": "doWVg+VAmMDPECwJ7Z7eJg==",
        "timezone": "0pb6HbxDh45ujJi6pFj3QA==",
        "isp": "HWjKJ+S1wu3\/hWiYxB362k61\/SkVgOVThLrDLTz8Bns=",
        "IP": "z441UJ\/gZERnRoB2Sl41Ag==",
        "browser": "VG7CTJevbEbZrLbRKcVAxw==",
        "OS": "SVyiP6k8zvBH9jxZslswcA=="
    },
    {
        "time": "0WfDyUUBPDfljONfg0F\/BZsKY+0jR+4YuXDBPYmPdws=",
        "status": "success",
        "coutry": "S\/o9Pm2oPX+ULRE0lV7Flw==",
        "region": "dammqJ0ckYspeVzB8uo0qw==",
        "city": "gEsnK4wodCyMux6g\/aJLvw==",
        "zip": "hsdk2K3O5l++l0zi9RJtPA==",
        "lat": "IsssYCTmbLL1Wb+UkcEY7A==",
        "lon": "gOAIPC1wCooJsgGqefKgZQ==",
        "timezone": "0pb6HbxDh45ujJi6pFj3QA==",
        "isp": "a\/mtytLXfh4apm9NAWtU1g==",
        "IP": "z441UJ\/gZERnRoB2Sl41Ag==",
        "browser": "VG7CTJevbEbZrLbRKcVAxw==",
        "OS": "SVyiP6k8zvBH9jxZslswcA=="
    },
    {
        "time": "TLNwXuwEdd7XMkMsJdzYgfvgRaV4UleFIZcFFghb4lE=",
        "status": "success",
        "coutry": "S\/o9Pm2oPX+ULRE0lV7Flw==",
        "region": "dammqJ0ckYspeVzB8uo0qw==",
        "city": "gEsnK4wodCyMux6g\/aJLvw==",
        "zip": "hsdk2K3O5l++l0zi9RJtPA==",
        "lat": "IsssYCTmbLL1Wb+UkcEY7A==",
        "lon": "gOAIPC1wCooJsgGqefKgZQ==",
        "timezone": "0pb6HbxDh45ujJi6pFj3QA==",
        "isp": "a\/mtytLXfh4apm9NAWtU1g==",
        "IP": "z441UJ\/gZERnRoB2Sl41Ag==",
        "browser": "VG7CTJevbEbZrLbRKcVAxw==",
        "OS": "SVyiP6k8zvBH9jxZslswcA=="
    },
    {
        "time": "Garz\/5NXJjQV\/rinX4nD59DrVAWIYrJMMP8YuLfp0eg=",
        "status": "success",
        "coutry": "S\/o9Pm2oPX+ULRE0lV7Flw==",
        "region": "dammqJ0ckYspeVzB8uo0qw==",
        "city": "23LeEHsJGtzQwRfTKEMwRQ==",
        "zip": "cgzFr4tWeyT7gtlv9DpM3w==",
        "lat": "LXINP1Zh8x4FrMhNzJ6fpQ==",
        "lon": "Wi+28ZJi4hWA465UXkoOYg==",
        "timezone": "0pb6HbxDh45ujJi6pFj3QA==",
        "isp": "xPnfmw0sCS1iJlgiFyyrzZPcgcybnforzPR8IpFQKLI=",
        "IP": "z441UJ\/gZERnRoB2Sl41Ag==",
        "browser": "VG7CTJevbEbZrLbRKcVAxw==",
        "OS": "SVyiP6k8zvBH9jxZslswcA=="
    }
]